fecha,volumen_DSP,volumen_NFP,volumen_NFC
2022-04-01,8250.661415301123,2812.930518592241,9617.223205707192
2022-04-02,6217.523569882882,2646.149140836876,8787.202669757135
2022-04-03,6930.748853810069,1241.3747036437233,9359.098393895369
2022-04-04,5653.462985640804,2040.6786952531284,10815.788281084671
2022-04-05,8928.674662527666,2990.599221841317,10397.908453206055
2022-04-06,6735.506304305082,2211.1215519652096,11328.773065271074
2022-04-07,7816.311281550739,2210.4115676933397,12025.146612464683
2022-04-08,8465.27347291529,2179.015879961833,11842.311933433384
2022-04-09,7925.762561406505,1022.0816436589862,10644.5215704481
2022-04-10,6394.316004358597,1307.3733865344377,10634.795645930411
2022-04-11,6325.758230718754,2200.44409439863,9611.946052791882
2022-04-12,12196.352684174499,3184.850945257179,9777.283477074834
2022-04-13,9517.926227156602,2815.968050123311,13900.8643578333
2022-04-14,8900.86197553422,2085.480779261913,13022.514859850802
2022-04-15,5592.058216748697,774.3790601483207,8646.361969595755
2022-04-16,6059.191247075902,981.5349523357484,7991.221638872968
2022-04-17,4754.146887966558,1164.1427198003803,8684.438394299988
2022-04-18,5315.6247332595285,2087.5362966478992,8897.855165356377
2022-04-19,12196.352684174499,2970.16151527802,9501.585392335714
2022-04-20,5654.91962986647,1996.0565111014591,10403.190806454604
2022-04-21,6172.954876892156,1873.959754363476,10605.610600902728
2022-04-22,5983.562369951347,2221.7315766150546,10876.47528685226
2022-04-23,7393.772820468793,1493.4727303490656,10786.992009727875
2022-04-24,5793.785181378655,929.3917732619516,8912.532737967385
2022-04-25,5995.901727547481,1879.836207499032,10051.394034848
2022-04-26,10852.102258970988,3219.13308267035,9464.815119832554
2022-04-27,2708.381780057457,2211.228120515174,5641.109236457633
2022-04-28,7031.459801834568,2438.5778607725138,11135.209467659864
2022-04-29,8053.756131008119,3063.336037711764,12776.005614143844
2022-04-30,8097.050625020672,1886.8155634529328,11002.742823813303
2022-05-01,6244.62933877706,1325.9867150756988,9698.254613567286
2022-05-02,6638.377818450895,2157.6821682354675,8688.38211612067
2022-05-03,11986.280277526206,2993.4743584144176,9197.572737414645
2022-05-04,7022.16890710441,2684.963524446232,10412.57369139134
2022-05-05,7058.114491210319,2091.4696092431504,10468.358890623049
2022-05-06,8105.755635002898,2021.820003492493,13008.242596094497
2022-05-07,9298.216359500477,1672.348637115545,12730.498116903096
2022-05-08,8310.312987612024,1204.8018248320004,12628.33167765779
2022-05-09,5052.221395110156,1951.7853406655809,11472.562514993726
2022-05-10,10568.156123586912,3478.5872206483737,8756.421187504644
2022-05-11,5887.746657999542,2105.368822673577,10263.893190335371
2022-05-12,6658.986828118997,2450.1164087858065,9622.097274852202
2022-05-13,6748.755171761177,2215.758952379073,12046.445921844594
2022-05-14,7464.80963044107,2013.03624565524,11582.42002238489
2022-05-15,6921.217800963257,1038.6674558702853,9316.260175924494
2022-05-16,7023.465579160529,1673.255253161249,8101.1009860494705
2022-05-17,11511.416122904018,2273.151932584084,8057.194861989688
2022-05-18,3033.6222226218915,934.2903825271846,6236.962210430789
2022-05-19,5822.731828956846,1886.6804943198144,9439.781311117376
2022-05-20,7030.105984463727,2486.261912615525,11682.236376524994
2022-05-21,6242.91839693948,1509.185510329625,10832.99747801946
2022-05-22,5507.451771958368,1218.5307580068186,9294.87764126379
2022-05-23,5544.867799969405,1982.8208544671315,8792.037228674573
2022-05-24,10531.347628884088,2970.232482741114,9309.0696293593
2022-05-25,5793.819952249594,1344.9817902672153,9038.8977103467
2022-05-26,6950.85801191162,2011.39827434958,10860.33895099234
2022-05-27,7065.778247677736,2262.8584308245686,12510.38643836443
2022-05-28,6786.828762414879,1531.6697142563214,10394.809264070193
2022-05-29,6050.056343140357,1291.357128629537,9434.303221090087
2022-05-30,6129.114512712236,1730.50137666182,9596.991502495595
2022-05-31,10637.762576215471,2427.510062652156,9591.052483198697
2022-06-01,6491.674102333619,2930.3085216004824,11055.370365183797
2022-06-02,6607.3065025993965,2760.407620316964,11125.474033798466
2022-06-03,6928.039337591933,2362.553640925526,13821.01546537967
2022-06-04,7545.04258223942,1763.3154560026178,12722.185296707668
2022-06-05,6419.7340028570825,1484.577717083264,9502.75428717729
2022-06-06,5861.248987841967,2453.7707779390157,9480.568384167676
2022-06-07,9914.043289789202,3614.4143000192357,11142.780483497603
2022-06-08,6285.513602504764,3037.529571198469,11316.23081222744
2022-06-09,6887.118024539488,3276.760055197594,8763.36497422296
2022-06-10,7554.619560550841,2822.080343605024,11943.7546565913
2022-06-11,7086.7336566465965,2083.2617705566663,11925.471192968267
2022-06-12,5756.9873960890045,1131.0262461566613,9022.572500181845
2022-06-13,6515.5743655814,2375.6221592902307,10522.85825857079
2022-06-14,11351.245489591023,3207.0730186602623,8302.858654241882
2022-06-15,6155.610250437522,3084.8904446424544,11463.597069532869
2022-06-16,9018.164706823816,724.9505341392114,13625.901880609472
2022-06-17,7782.469264953414,2031.124707557674,10375.296893772063
2022-06-18,6695.78607765355,1477.83011431723,9934.07914753812
2022-06-19,5586.603108539911,817.9558303001156,8149.40217865038
2022-06-20,4969.792811216249,1208.314969818841,7828.248101856519
2022-06-21,10901.601257151176,2993.9585931714832,10002.3822227911
2022-06-22,5886.649404474152,2645.3285593994106,10905.627961061671
2022-06-23,8443.512978172635,612.5973590849839,13496.323972339702
2022-06-24,7146.140639710682,1443.9883425001492,12759.909932759514
2022-06-25,7009.074295641546,2269.8726049512275,11780.261610156358
2022-06-26,6111.270211770207,1548.7727772568182,9678.773628513003
2022-06-27,6544.285110965969,2211.858775307298,10555.576855671814
2022-06-28,5507.503979623296,3579.44872525409,11712.741118688687
2022-06-29,6387.856743311337,2999.951617802439,11081.40282105315
2022-06-30,6460.747754934804,2330.4590967071267,10000.229644177736
2022-07-01,6414.67449905329,3074.0903133234165,11647.029718589283
2022-07-02,7598.004690612265,2067.31373689802,11196.010018507228
2022-07-03,8169.543785340223,1276.6381100536655,8536.613939648036
2022-07-04,5850.719184686784,2402.684497720857,6179.999523544583
2022-07-05,8467.948505186789,2683.045706703233,9624.817874537115
2022-07-06,6399.202027706458,2381.817021498692,11408.55574560953
2022-07-07,7634.20552721799,2939.761225132396,10852.420041250338
2022-07-08,7362.431345664246,3031.659722943737,12861.903497956791
2022-07-09,6355.821286662486,942.8648751516142,11594.553711201072
2022-07-10,6211.392925794959,825.9649014518194,9400.454611827236
2022-07-11,6323.995467723465,2553.813003516285,9660.670676255922
2022-07-12,11815.908548347325,2518.159584560194,5276.961890787317
2022-07-13,6969.792273077838,2210.250415609662,10532.801085174768
2022-07-14,6606.0514288334,2246.9249541224526,10765.976474888565
2022-07-15,8036.035085681454,1921.8497364100156,13093.012271182464
2022-07-16,7681.328590121052,612.5973590849839,11311.81415183828
2022-07-17,5276.877781283184,1146.1968382304358,9261.188617818278
2022-07-18,5002.975039072277,1533.1647401102043,9166.504850410893
2022-07-19,10696.435408423382,2453.4596367215404,9963.577322122892
2022-07-20,5118.032878470096,1580.176218847222,8355.318100093922
2022-07-21,6201.718612455078,1682.7925160853986,10770.599362690617
2022-07-22,7172.243020994102,2467.247103633687,12302.589649210791
2022-07-23,6802.2342112485285,1412.235468787807,9616.02915340566
2022-07-24,5078.613903521888,1152.9397081111902,7950.620246124045
2022-07-25,5603.9047342333615,1943.052647337012,9485.967300702425
2022-07-26,8836.328823029477,2605.937456388669,8926.744573230377
2022-07-27,5167.932196238047,1896.6700790485245,8804.178486669507
2022-07-28,6725.242281451502,1766.5810355113513,10744.85079623419
2022-07-29,6902.433303268678,2428.288844046605,12189.338331118504
2022-07-30,7451.273194704305,1629.639954872575,11207.209824772135
2022-07-31,6391.451254520526,1356.795617056115,10310.05005950512
2022-08-01,5484.94943109361,1473.0389650133288,9754.347551513158
2022-08-02,9390.564893720772,3004.2005735989555,10843.11042214863
2022-08-03,5539.895709380028,2525.0398999185754,10348.71661046716
2022-08-04,7761.505562580997,2588.163955839745,11422.970149628389
2022-08-05,7581.106367486931,2538.316150079568,11125.84525066384
2022-08-06,7053.220227039723,1223.0454107496084,11464.914159838678
2022-08-07,6253.635136508763,1199.9498510210462,10733.626632703956
2022-08-08,6406.602434588379,2617.875897582437,9756.091003221312
2022-08-09,9829.023656893389,2674.2454668827163,9656.793144276242
2022-08-10,6472.296297480602,1974.3462716015133,9590.844737436191
2022-08-11,6787.299628627389,2304.705840272203,10845.162631725636
2022-08-12,9886.329243063516,2827.675040703822,14129.135772105312
2022-08-13,8291.197576576618,2255.3805879146003,12356.755684040509
2022-08-14,7234.163440501754,1271.169153959264,10175.704588877878
2022-08-15,4888.094670766377,1090.1898311564269,8314.06376959856
2022-08-16,10649.963848379432,2498.743612950626,8868.073031466485
2022-08-17,6033.751721736968,2281.850981994882,10316.30141602575
2022-08-18,6143.223568356605,2823.1159543025683,10718.11054235074
2022-08-19,7837.395993460413,1994.1221634653568,11847.83250879832
2022-08-20,6557.924275428243,1476.3361227466996,11802.254847191376
2022-08-21,6333.421676543878,1410.7629866618872,8680.605782382798
2022-08-22,4665.563385853231,2800.3941734129617,9987.837472016174
2022-08-23,9840.468279424842,2805.2313384470685,10862.927276809323
2022-08-24,5732.332287177731,2191.569295589537,10791.27118991534
2022-08-25,6764.044928912191,2127.1652176898187,11617.983864640097
2022-08-26,6647.554338691572,2518.464011610723,10897.268857759893
2022-08-27,6990.634156561689,1395.4664480804463,10829.05879707728
2022-08-28,6038.458467323318,1077.0432178714273,9060.88010624677
2022-08-29,5176.559285034587,2204.7428284923785,9387.55457215076
2022-08-30,9582.484820949698,2528.3234496236646,9545.95769346845
2022-08-31,6148.58752784215,2355.62794906544,9353.542953420338
2022-09-01,7219.905369716101,2624.178619341885,11615.710562296134
2022-09-02,7201.347247329868,2266.5709504683023,10300.185698363584
2022-09-03,6684.664858197362,1247.4394072120797,11140.365942831291
2022-09-04,6451.667451114476,1231.6015461171148,8858.828162756421
2022-09-05,5434.433292091179,2002.316345626086,9886.067674997988
2022-09-06,11275.109650279735,2154.1602695706206,9348.03732126144
2022-09-07,6373.965360863384,2268.5777996223183,10840.9055419833
2022-09-08,7809.071832977267,2136.466320346032,11241.54970738954
2022-09-09,6476.808460374245,2961.088041201804,13016.608408481412
2022-09-10,7675.29955790074,1375.4242751547508,11032.715112010268
2022-09-11,6155.47176816483,1275.2386969325644,9693.962324001386
2022-09-12,5440.0876129244325,2024.8546179267607,9580.660364412668
2022-09-13,9377.93809269365,3614.4143000192357,9232.162540701882
2022-09-14,6416.69601599945,2310.854658760522,11151.963645170556
2022-09-15,7133.229298265394,2447.8655060297137,11743.246547233508
2022-09-16,6610.961188399713,1976.946906045359,12340.269763180491
2022-09-17,7363.116383564251,1495.9343617663712,12121.799845978583
2022-09-18,5595.198557037448,1013.40957751526,8985.206270842184
2022-09-19,5420.9289715034565,1893.2648849989591,8627.310462783593
2022-09-20,10715.469829058587,2615.4558456819955,9593.556967775345
2022-09-21,6174.6851974816645,2115.8264769990847,9333.026101316576
2022-09-22,7082.169079933001,1953.7858919697185,9275.728214757875
2022-09-23,6931.488324903603,1996.1924558245012,12468.87981702099
2022-09-24,6680.350189187791,1331.254176789875,10972.657576309975
2022-09-25,5871.663407715732,1200.1470452391145,9493.239529685909
2022-09-26,5155.0543166762045,1997.626508180973,9609.709399082318
2022-09-27,8547.136916658961,2701.3154338344293,8478.210933059985
2022-09-28,7041.166734776501,2437.395115839729,12000.399857158844
2022-09-29,8058.814244358372,3158.470526974602,12930.26337114634
2022-09-30,12196.352684174499,3614.4143000192357,19950.75968222496
2022-10-01,6845.917241524318,1428.259731344835,10289.87986694475
2022-10-02,6493.873721467414,1272.2895663456272,9609.65242755238
2022-10-03,4942.240049409209,1685.2016696913065,9900.497827961515
2022-10-04,9983.423762457354,2497.035470352376,10102.544148981984
2022-10-05,6204.927108734314,2670.1189302265484,11805.21521311862
2022-10-06,8098.760628193159,2666.42997587164,11822.542406041928
2022-10-07,8036.655277531414,2291.4164544230057,12390.740956060294
2022-10-08,6285.248504793298,1144.784538722582,9894.768037374935
2022-10-09,5635.879879432347,1070.2914679273783,8169.3885255837
2022-10-10,4904.259374413021,1179.145517340443,7743.413465879788
2022-10-11,6383.866122128801,2251.1338241493886,7307.178867407249
2022-10-12,5968.458092585118,2209.266272790568,10791.702489332549
2022-10-13,7316.921737972884,2601.4996157035957,11192.924174427875
2022-10-14,7985.514256379886,2492.7448903098007,12443.073983082546
2022-10-15,5908.682510594554,1199.0954773178476,8691.588977934789
2022-10-16,6362.420871844601,1055.0821174768262,10002.080418059706
2022-10-17,5817.342970216938,2076.6320121652298,9825.762210358069
2022-10-18,8960.618736034829,2015.552742025358,8834.92375261448
2022-10-19,3771.958452636824,1646.82549217852,5587.566483575834
2022-10-20,7436.035124317527,1846.866600910448,11711.489310898318
2022-10-21,7450.170205203491,2195.2890578684564,12267.177342249475
2022-10-22,5654.713063204291,1527.10405016779,9895.48552875097
2022-10-23,5825.327496008487,1106.714778291579,9919.23638368251
2022-10-24,5723.1935267208655,1779.1849116439978,9403.301038751117
2022-10-25,7925.168595091221,2772.2886520627426,8607.169435797146
2022-10-26,6000.654768630605,2377.488314960014,10631.9122933687
2022-10-27,7483.473149065472,2270.040377450866,11358.179062165127
2022-10-28,9779.319051069317,3248.170515317593,13553.085255047905
2022-10-29,9398.89656401806,1615.327630992169,13056.947843280095
2022-10-30,6664.33017634932,1507.808188382492,9474.65918418563
2022-10-31,6160.639125130579,1905.9543168462317,9422.215574337784
2022-11-01,8777.563075535965,2646.2287647822664,10752.573541324293
2022-11-02,5561.686922049327,1943.224389892036,10179.667998485556
2022-11-03,7332.337478546242,2135.341434850728,11637.121851186395
2022-11-04,8667.338139325997,2527.5724962448558,13967.794610037226
2022-11-05,7909.81364521709,1848.9346377178365,12883.638499488856
2022-11-06,6431.717413938632,1311.7050610970457,9744.620951203568
2022-11-07,6258.91585666735,2377.0450821913105,11152.45148834283
2022-11-08,8876.743480740824,2085.283720740506,11485.661796600138
2022-11-09,6699.666019037451,2330.2566716823067,11061.0506719741
2022-11-10,6830.908412881036,2881.9632303090625,11237.544553804011
2022-11-11,7800.386813421057,2498.9556222139195,13233.53118517872
2022-11-12,7422.055059696737,2106.3152628579446,11475.517132261575
2022-11-13,5182.988001909546,1189.4164364998103,9240.329569825151
2022-11-14,7020.03552220707,1978.437541617185,8291.699148419433
2022-11-15,11000.679629074002,2713.798092584866,10911.071584408188
2022-11-16,7519.659774893467,2189.317856453489,11229.984614233328
2022-11-17,6812.333336828287,2526.606306842498,13364.675480865666
2022-11-18,9509.035858958196,2455.643372860105,12989.5894342883
2022-11-19,8041.467183990381,1791.965701444098,13375.307152552356
2022-11-20,5092.329965239418,1152.8698668229529,7538.444579852265
2022-11-21,5598.774408932532,1207.4965156755934,8836.386780841083
2022-11-22,7700.951902231802,2516.2111590729382,9319.580815738098
2022-11-23,6219.71574133424,2204.6308111187745,10472.057460978876
2022-11-24,7703.055431476942,1528.3086990524932,12135.30156104904
2022-11-25,8407.41135352316,2371.6523010076703,13311.81504588973
2022-11-26,7073.023333479622,1739.7269084873176,9514.347443066212
2022-11-27,6225.007926156729,1049.012313739317,9971.424825802698
2022-11-28,6007.99635585331,2793.5477067720662,12072.928439936735
2022-11-29,10158.838727898046,2279.155101577505,11004.37686688272
2022-11-30,7493.445519417012,1836.8539432549023,11392.271789536748
2022-12-01,2806.820359294423,3014.3759955619635,5840.111616903753
2022-12-02,9844.279876415903,2628.5460650792293,15966.385558353912
2022-12-03,7972.675468883905,1830.931729905366,9699.00434199013
2022-12-04,7663.627076742629,937.044348697032,11802.60800217785
2022-12-05,7746.585424028109,2432.740978120999,12657.130413142524
2022-12-06,11423.168171096097,2520.293136410239,12171.189231067185
2022-12-07,11008.381604566495,3280.097758015132,15179.259351725994
2022-12-08,5319.536194705479,2254.504479963664,9072.700900107076
2022-12-09,4839.825619701264,1059.0178853927544,9107.377022060587
2022-12-10,7003.796526055115,2017.627777587376,10023.080454183855
2022-12-11,6351.923003404599,933.7402002701272,9848.541053583218
2022-12-12,2708.381780057457,2356.234421561294,5276.961890787317
2022-12-13,7997.461114918663,2130.027995988958,10584.709790536132
2022-12-14,8393.383053438121,2854.0645075413504,12246.21751553454
2022-12-15,8385.441942814623,3114.2445749800545,12708.101212877857
2022-12-16,8545.853405342934,2706.049018420708,10947.178167453349
2022-12-17,5875.656952842192,1460.6465529559223,11540.232779164284
2022-12-18,3261.9774643938204,1160.2385750832243,7664.09756708952
2022-12-19,8275.923265993091,2993.5735213486514,5646.675798562214
2022-12-20,8032.391235866572,1893.1647730245036,9061.517236084126
2022-12-21,7318.763184860682,2256.94660204634,14498.685609553202
2022-12-22,12152.381681803516,3398.865887440425,13105.444498923873
2022-12-23,7033.881130393163,2788.559864298655,10636.332793473006
2022-12-24,10063.785862203937,1466.2526970038289,13439.361079369246
2022-12-25,4734.565551330301,612.5973590849839,7301.413719120976
2022-12-26,6107.2740577286095,2016.674942853432,10754.892501025228
2022-12-27,9662.897328906613,2211.0019301061634,5276.961890787317
2022-12-28,7348.773784882056,2111.478516374681,11678.812132664209
2022-12-29,9624.396375215496,2448.1038161424067,12788.778840055347
2022-12-30,9136.94330610196,2610.3963630670046,14664.693724606324
2022-12-31,7989.979134895205,1661.065234369804,12131.817835848222
2023-01-01,4142.640347426327,818.3492230131567,5974.235581241459
2023-01-02,5217.985969557347,1827.340485677347,8378.593070633624
2023-01-03,7249.908312284121,1608.0362935669636,8684.428682443331
2023-01-04,4783.820208499002,1698.984429592715,8810.178572818284
2023-01-05,5934.198640313824,2031.9154106632752,10856.72757739596
2023-01-06,6449.4217345251245,2043.7042538498329,11568.383870042097
2023-01-07,8207.173067452106,1724.4647686004653,10838.277756413552
2023-01-08,4756.981681614536,1176.0346290203245,9014.527684108483
2023-01-09,3639.118450117315,1492.00706446994,8316.225368760468
2023-01-10,10443.123337465626,2549.0555598363426,8098.372450781153
2023-01-11,5386.031220047749,1971.430207453288,9552.354445187164
2023-01-12,5242.041490496442,1834.8391064826908,10411.775435520043
2023-01-13,7690.651720648459,1540.318607146956,11758.69640069376
2023-01-14,8092.259186773503,1440.1942315123947,10081.30862114415
2023-01-15,7034.02004801794,1390.8293623763311,11071.111037349594
2023-01-16,4880.467774964272,1520.0367665541369,11665.537413933638
2023-01-17,11028.519906534117,2786.743922434395,9067.937966300831
2023-01-18,5181.1435243055785,1805.2240152932447,9739.78437921034
2023-01-19,5756.550209702103,1800.8536855235152,10517.890258913778
2023-01-20,5991.731548596505,1494.5892980744677,11652.432599443906
2023-01-21,8524.009040473935,1488.8906953972212,10912.556932106572
2023-01-22,5282.329987543325,998.9952860514302,8114.618323363335
2023-01-23,5375.289952087662,1857.8344508659031,9198.55265309845
2023-01-24,9746.056211883895,2666.0826376263644,8967.14989468844
2023-01-25,5545.292884192362,1626.69520773315,9769.307894004209
2023-01-26,6582.470498907793,1973.3276655332531,12213.988885061744
2023-01-27,5948.021895980303,2239.352384290291,11892.725916147358
2023-01-28,8216.749360512327,1275.940245571527,11608.685126758395
2023-01-29,5424.207026543347,976.8794666629078,8936.198408651286
2023-01-30,5469.9098406035855,2244.106682597774,10503.623212343698
2023-01-31,11518.902738330877,2905.6960080578933,11638.452959475591
2023-02-01,5758.566489578842,2779.398349177248,12585.026767063471
2023-02-02,7607.492861116418,2248.029707092453,11042.10884128926
2023-02-03,3448.319738117004,1734.421500470033,14090.15914799942
2023-02-04,7512.610734756611,1663.7943886040805,11192.955904831872
2023-02-05,6118.241879677278,662.4201172450543,9706.778601258666
2023-02-06,5486.627685198719,1833.474088480993,9201.639925450492
2023-02-07,7980.221634898803,2504.2020064040616,11084.450073884962
2023-02-08,6759.760963600063,1927.6806562448544,10704.878713147937
2023-02-09,5624.297880715433,2028.329613943163,10166.432283781702
2023-02-10,7025.860384163276,2814.3434213206265,15816.28180052068
2023-02-11,11672.605297129496,2166.681787814481,10742.79633309486
2023-02-12,5861.613324340654,986.7248039524816,10149.12406276552
2023-02-13,5753.846635248845,1923.5253668654905,10137.310300395451
2023-02-14,7209.075694563232,2156.572363522856,10594.167577441842
2023-02-15,6861.009596499272,1976.6195166330497,13285.288898090368
2023-02-16,7472.045702543691,1870.9295402989485,11560.880118643132
2023-02-17,7519.667931676652,2032.9321705312,13639.228712965907
2023-02-18,7910.408727568545,1920.230356497016,10414.812312934817
2023-02-19,4925.948261850029,612.5973590849839,8325.13641536229
2023-02-20,4603.391138721227,617.3273188207114,6503.783774003693
2023-02-21,4730.861087350007,960.349335005554,6786.57252926845
2023-02-22,4857.576269396294,1065.7503348904552,8090.882697702782
2023-02-23,5212.181981705216,1933.236860626965,8639.646637278982
2023-02-24,5911.994550926429,1974.1636744179875,10716.792017152418
2023-02-25,6484.495322715308,1993.156128071553,9186.90334386894
2023-02-26,4877.654562851416,806.0239143106794,8267.000888788483
2023-02-27,5259.630455819372,1959.9189975244149,9597.406524710725
2023-02-28,7028.823828848789,2829.985443690822,11078.75682219997
2023-03-01,6980.851973341774,2080.727278801,12689.004029050164
2023-03-02,7970.134261849786,2039.4487475819128,11800.929017864932
2023-03-03,7469.880280320748,1979.833889302491,14000.796589915126
2023-03-04,8577.121415834701,2007.6040634333704,11695.473442308836
2023-03-05,6001.5531454275615,1220.2336928742664,9805.823297269104
2023-03-06,5524.547544719602,2021.8110779351853,11322.99196507214
2023-03-07,6650.037960443357,1804.7684026022075,11112.95649984915
2023-03-08,6360.058721149192,1927.834397587632,12196.675199165811
2023-03-09,7328.746657110872,1923.8921553104085,11531.496659085878
2023-03-10,7185.575682462885,2975.249165912512,14520.968554573985
2023-03-11,11174.846169438168,2596.158200937755,13999.933337552407
2023-03-12,6371.404993735763,1678.8041535716818,9473.84512297219
2023-03-13,6773.131565850268,2199.563578836803,13384.383035074356
2023-03-14,7742.423622562344,2382.321650629948,15774.622835474182
2023-03-15,8143.585577874756,2370.240747231762,9978.511453624727
2023-03-16,5833.105284828816,1866.1276589744284,9858.795817224487
2023-03-17,8891.9907565598,3017.57415570902,13696.080452196624
2023-03-18,10593.265621694954,2498.1354822815774,13655.01510131943
2023-03-19,5589.975962320202,1032.4418620422089,10894.224234568615
2023-03-20,6100.786147003658,2466.5570810552267,10703.124027907566
2023-03-21,7737.588379209731,2670.977919244139,11466.47080954149
2023-03-22,6704.337063536219,2504.2176377041374,12500.887432280671
2023-03-23,6884.848686400761,2516.0690675634983,14248.665074788085
2023-03-24,5960.284136107985,1577.9872008008117,12800.236751134866
2023-03-25,8691.781856033811,1850.355088185532,9946.590735527396
2023-03-26,4969.906905644768,1358.6388371356986,9231.319832167956
2023-03-27,5170.0846514241175,1765.903977289535,11736.086921041957
2023-03-28,7559.813891300259,2655.143827509764,10683.777248364731
2023-03-29,5634.353985154314,2109.058920221031,12463.340223331332
2023-03-30,6105.801172209895,2095.7052252175704,12076.065886008517
2023-03-31,8254.834399171112,1963.903576491149,13679.387598992003
2023-04-01,9197.857952811417,1598.6358468982407,13269.141717073291
2023-04-02,6770.099248181041,915.0901334110072,11838.624670398642
2023-04-03,5787.88924007818,1742.221574332283,12236.19907659165
2023-04-04,7626.817609854883,2368.790854784031,10490.408618205996
2023-04-05,7220.879021614452,1966.4791416663545,12720.646594845168
2023-04-06,7685.141017425894,1977.22440973646,13179.235447750489
2023-04-07,3020.919829124545,705.9550843458879,7147.221754693161
2023-04-08,7740.094360779503,1763.6540216921928,9230.667280898027
2023-04-09,4985.737082608521,1064.882592569611,9692.424096839028
2023-04-10,5720.238245751156,1558.2866221953514,10032.971094521372
2023-04-11,7817.115243711194,2027.6753911098951,10549.411839133583
2023-04-12,6205.092063672068,1577.1270849838295,10578.05586939649
2023-04-13,6799.574200573835,2009.839067891389,13555.973776483726
2023-04-14,8436.250293321767,2545.8483423954112,13288.563846762176
2023-04-15,9447.270171464485,1603.6181925616704,11840.584542500756
2023-04-16,4960.237815781922,762.09819071927,9530.550561080248
2023-04-17,4107.260735455598,1373.9442362875943,10772.263872520867
2023-04-18,8926.72042756902,2429.3795415936547,11700.91228712047
2023-04-19,5690.104497831924,1741.0017133533486,9328.045085076928
2023-04-20,4876.23673384463,1703.459559400961,9237.467626936828
2023-04-21,6091.139378647621,1530.807184271495,13299.409668982642
2023-04-22,10618.935597577716,1282.7092051713594,12822.625323737686
2023-04-23,5367.147083921588,883.2170927053776,10637.88454696168
2023-04-24,4875.672383818605,1660.329964283413,12635.446176441055
2023-04-25,8438.08963443376,2260.6576200671307,10796.932133203078
2023-04-26,5203.668532865165,1700.477565159852,10756.65994104694
2023-04-27,6795.47191715065,1679.5554976283936,13116.276738455896
2023-04-28,7458.306679297935,2249.634644407956,13221.765791285372
2023-04-29,10506.865876585434,2321.19517883182,11890.959510498758
2023-04-30,5281.2440120721285,1012.2083115296572,12590.019458791628
2023-05-01,4670.63243478953,877.123126290573,9500.942289193228
2023-05-02,8027.786547090913,2349.2563474600597,9819.797522234874
2023-05-03,5930.487237416541,1629.4580538083314,12185.756668181928
2023-05-04,5148.346015474738,1976.4207141835732,12842.750922057356
2023-05-05,5950.891631197347,2302.7800558288845,13279.99492846883
2023-05-06,10359.047234120562,1574.2212771294526,12597.491067092358
2023-05-07,5314.622497704623,1004.6507688737536,8076.896788580187
2023-05-08,4603.084369971819,1524.8585975336362,11453.763239377427
2023-05-09,8355.788059376475,2084.749372372836,11446.835008255744
2023-05-10,6102.223452852076,1938.4852604285256,11020.254398267902
2023-05-11,5721.84499323475,1924.1903443145925,11106.032865915036
2023-05-12,5792.06795706174,1387.606504052763,11984.601693210496
2023-05-13,8061.7520514978705,1377.5255442933246,10402.405736954108
2023-05-14,4694.559563171189,771.757027036014,9887.57887791238
2023-05-15,4472.013883405874,1442.9588839698597,11150.428097743614
2023-05-16,8276.23148780889,2153.893169146347,9652.405240244305
2023-05-17,4340.095790816214,2031.1159657078647,9931.189111282712
2023-05-18,6183.938582926438,1676.572624580836,10433.936080923047
2023-05-19,6294.787682189852,1795.2124871621063,9784.974464429351
2023-05-20,8005.831401197959,1847.280584227739,11695.381307964944
2023-05-21,4389.171346344345,912.5706587835398,9351.451337475104
2023-05-22,5294.985197552252,1467.7046283167094,9455.48532558587
2023-05-23,8045.797463429285,2019.571684776268,10006.631829040702
2023-05-24,7280.069718406383,1784.1648851734308,12500.0225591919
2023-05-25,7151.801848141011,1033.0457950575085,8173.132417965287
2023-05-26,5123.774792488198,915.218038163826,8262.453994025038
2023-05-27,6549.28408424432,1228.5096611964473,9781.070654507805
2023-05-28,5385.373585152093,1030.8374309852093,7504.2011957743025
2023-05-29,5089.097095095436,1713.4093152967305,5276.961890787317
2023-05-30,8103.597594958514,2358.502176413609,8462.265109028152
2023-05-31,6302.1131557532335,1995.117528910686,10720.146959053518
2023-06-01,5238.00765394199,1825.1191283355488,11720.88845312624
2023-06-02,6249.635145999845,1721.6043123455604,11889.771734688577
2023-06-03,8741.532448684957,1453.2780317218574,10720.531474915277
2023-06-04,5112.986051357689,1098.1483857092392,9850.658630446978
2023-06-05,4758.424148733422,1989.849870685067,10324.717118253006
2023-06-06,8790.43678222399,1744.2581749065878,8437.572116153497
2023-06-07,4702.819316555544,1366.7248466366602,9718.505219294491
2023-06-08,6156.904225579596,2267.610005328486,9787.79540998936
2023-06-09,6126.035705209604,2447.0749580169045,12826.66126994662
2023-06-10,7016.139478041977,1594.1041582144856,8391.870820921527
2023-06-11,5879.2915545571295,859.0768893359176,10455.613214276182
2023-06-12,5811.33985417851,1449.2742547474684,9324.112222281388
2023-06-13,10663.251756064485,2000.1325798334872,10264.443392531522
2023-06-14,6074.045230110339,1812.2129607273937,13102.89761837446
2023-06-15,7424.646544893932,1834.8551871706863,12713.468380281996
2023-06-16,9040.500525190591,1782.639396981911,10910.35659616427
2023-06-17,4800.015789996012,1193.7187128037513,8108.153666789921
2023-06-18,6206.087996048721,851.1507280405855,9212.84543475733
2023-06-19,4586.323049949515,1154.7595949909737,9422.658763970616
2023-06-20,6458.877254883004,1281.1040139192344,9580.506784728354
2023-06-21,5836.5698246096845,2055.9966611942154,11141.318417705515
2023-06-22,6046.122021367264,2135.8522961760027,10162.41611712481
2023-06-23,5114.053308266331,2032.706312491152,11931.963089229574
2023-06-24,7903.888647811103,1709.590870662172,11902.405045413325
2023-06-25,5600.022090272682,788.845982298007,9607.103219920938
2023-06-26,4195.364232050124,1246.0960554049238,8785.179500167304
2023-06-27,7368.357395366446,1907.068275340809,10129.917867958706
2023-06-28,5310.214651551785,1583.4392313116623,11458.890243996955
2023-06-29,4159.564238162756,1797.1310524659827,10137.271078875028
2023-06-30,7818.812716773766,1988.344428447976,14115.466031544678
2023-07-01,7002.9069640045445,2082.453819947872,10348.965643650678
2023-07-02,6268.865767758063,979.2716352825782,12004.51039915516
2023-07-03,5763.695069465282,1833.879416042609,10002.401258419824
2023-07-04,8753.062210741116,2443.917986986353,10702.61243870795
2023-07-05,6574.36251329164,2328.1922698180524,13797.944842533334
2023-07-06,7658.946355197173,2156.9921948546216,6796.245337046297
2023-07-07,7856.657449200741,1616.3836221440897,16754.889987535906
2023-07-08,10384.21799107342,2239.029535861244,15807.5561867292
2023-07-09,3446.4671950309166,897.896960885205,10310.495636314085
2023-07-10,4970.603040046678,1178.212707155673,9633.995313416945
2023-07-11,9709.106670004345,2337.857366132685,10982.83845266671
2023-07-12,6368.710771004729,2662.4132339810917,13506.381628761452
2023-07-13,6009.849885238947,1913.1255288415373,12845.73906318476
2023-07-14,10516.878175935532,2026.7578966083315,10459.134861665483
2023-07-15,9818.964830284836,1685.7909097688296,12325.05000945994
2023-07-16,5779.587883526441,1105.4014991216766,11910.969445727587
2023-07-17,5215.770893780144,2289.767925885126,13952.88883988826
2023-07-18,11316.257426744452,2209.263409204725,11683.40035678355
2023-07-19,5392.126771350128,2384.056967722858,12335.39855508764
2023-07-20,6516.866396044363,1889.2604211600976,11091.190900102029
2023-07-21,7469.875696305578,1869.5973781492808,14358.87044273058
2023-07-22,10021.555015454353,1731.958459861547,13489.04414085766
2023-07-23,4361.858080845524,1171.4718674714356,12228.881605816823
2023-07-24,2708.381780057457,1659.89890905108,11197.331191436557
2023-07-25,9007.998240851924,2031.4039924923984,10446.483517961704
2023-07-26,5164.725955939957,1728.5508250165285,11136.26557535858
2023-07-27,4609.935367974242,1877.865280363157,11255.737735997396
2023-07-28,7036.996363586722,2811.572077763861,14044.91375880272
2023-07-29,7878.484925471569,2270.668608045834,14156.0233742847
2023-07-30,5977.894629040233,1205.4504889675638,12107.66390526516
2023-07-31,4864.032711575748,2482.4571941523186,11929.908542474474
2023-08-01,9476.26519963856,3059.00304940072,14773.830643119652
2023-08-02,6860.654163507256,2226.1824758252696,14624.871993313707
2023-08-03,6367.823975694945,2290.0379902078835,10287.983356366236
2023-08-04,4007.662735868338,1536.1567420543097,9508.403345534563
2023-08-05,4156.454413889002,1372.813378222908,9029.606161313715
2023-08-06,4016.1968307647617,1440.473464764503,9416.463998061208
2023-08-07,2708.381780057457,1068.0777130502595,7714.816663907081
2023-08-08,8138.472407726966,2484.064773485585,11325.52170413784
2023-08-09,6196.561004368466,1673.0196853837704,13151.876085037193
2023-08-10,6439.855384567354,2038.3698529385435,13622.884089140152
2023-08-11,6552.616132191639,2451.675177944758,14259.911909221397
2023-08-12,10008.858174661524,2312.253820957409,13466.521719128346
2023-08-13,6142.940026903567,1149.7017910437733,12751.36769481695
2023-08-14,6443.647754753164,2151.620399667487,14261.527566619376
2023-08-15,12196.352684174499,2787.712823890898,17931.210608656987
2023-08-16,10526.933242618086,3614.4143000192357,13832.617152857252
2023-08-17,5798.816923669057,3094.80351579974,10911.62267176642
2023-08-18,10021.555743087818,2473.3039229234782,11046.5042668116
2023-08-19,9652.68746162353,1765.1639636558011,12269.213544935625
2023-08-20,3144.990607576113,959.4623248936856,9636.172824748077
2023-08-21,4882.22092303202,1092.6994365542228,12370.578765039612
2023-08-22,7171.072162794484,1711.300459565167,13161.099858598283
2023-08-23,5308.314988358896,1731.395488857358,12925.544698469674
2023-08-24,5741.015682577984,2244.90814014936,14384.70160336621
2023-08-25,6852.766189055087,2138.756004320469,16587.2162965978
2023-08-26,9314.57519531336,1940.485378392243,14121.37880886959
2023-08-27,6153.78363379584,1154.4376454182843,13747.419539191116
2023-08-28,7046.562866943167,2414.000447495241,8190.011486750057
2023-08-29,8090.089122582574,2223.5521201897227,13984.290659147611
2023-08-30,6829.961718762438,2176.432285459838,14440.58848258868
2023-08-31,4890.884475520144,2232.033520526888,13919.83268049252
2023-09-01,7445.353230542923,1758.1761010841317,18154.76743810616
2023-09-02,9104.018712337178,2718.35144672876,14574.989134369567
2023-09-03,6049.959471887863,1264.9527957230505,13293.582607081673
2023-09-04,6593.626019237994,1909.2648888108768,14199.155183106175
2023-09-05,7393.857624105415,1941.7924032857325,14422.903153492323
2023-09-06,7593.089866859315,1651.1839052170626,14902.308832926426
2023-09-07,7305.074084345749,2321.2608180867555,15891.254902630946
2023-09-08,6654.081789933548,3614.4143000192357,18621.392855741706
2023-09-09,7654.745756211683,2066.358683756111,13109.80617203487
2023-09-10,7142.368494666139,1097.2666408647235,11976.15712929959
2023-09-11,6251.472250172148,2137.4621672504563,12868.032222339889
2023-09-12,7195.258337489559,2192.9325083841272,13607.735820437609
2023-09-13,6867.009245877737,2085.468040879058,14562.90244376571
2023-09-14,8390.577993773104,2283.651233394673,10042.377566897923
2023-09-15,7748.582020135268,2142.3875768379003,18182.82208414296
2023-09-16,6207.0983800237545,1019.4338710325324,14951.765195310443
2023-09-17,5621.996389219784,1059.049953279673,13291.523100072382
2023-09-18,8988.21986713164,2492.9062459621573,5276.961890787317
2023-09-19,7843.308663471605,2405.0933542872863,15836.722933728694
2023-09-20,6385.0844455770175,2100.6909728336377,16221.537902903705
2023-09-21,7476.289280921444,1937.6410277707716,11407.37798446114
2023-09-22,7911.590813047685,2368.887930437714,15900.61850818604
2023-09-23,8084.6192112065155,2528.168589812487,15536.714386983356
2023-09-24,5935.619314534238,1301.0603235926558,14090.597183276095
2023-09-25,9355.420417791527,2357.9753548603826,5276.961890787317
2023-09-26,9134.376862065792,2591.422786749773,6066.115755802776
2023-09-27,2708.381780057457,2131.146499783993,15610.215139663098
2023-09-28,7842.200474452952,3431.799302578238,15260.23394504297
2023-09-29,12196.352684174499,3069.4381821009306,13227.578886176369
2023-09-30,3469.6254613957003,2720.511658660679,14372.242457686662
2023-10-01,5985.70458733713,2127.259815829108,11085.51048687832
2023-10-02,5105.341481328418,2975.8992150788667,12008.788104768077
2023-10-03,8539.61897874729,3032.771685359465,16754.664996805626
2023-10-04,9547.882276460792,3030.354192173085,18906.383586222484
2023-10-05,9451.00820616598,2058.5599294930485,11865.336933012491
2023-10-06,10431.552084330122,3371.7930488134807,16156.872244780054
2023-10-07,10201.43026620752,612.5973590849839,8819.455916844361
2023-10-08,4367.412303387753,612.5973590849839,16399.216848068
2023-10-09,9155.98937759275,1128.7439280564522,10929.97108615252
2023-10-10,11825.31418121804,2830.125753366993,5792.154454166933
2023-10-11,8304.33521423783,3040.136573650446,17209.593047607596
2023-10-12,10549.021551917976,3260.8472550495703,20508.92880252249
2023-10-13,12196.352684174499,1800.9089006452784,13512.947487059257
2023-10-14,5355.1800798645445,1835.3197273280557,14042.868182428228
2023-10-15,6278.822470343169,1835.326596885056,14088.174071222486
2023-10-16,5026.327646783217,1291.5148883852544,7653.406683314381
2023-10-17,10193.911392216396,2006.6512539385888,14788.738113823933
2023-10-18,8543.632462697844,2510.561001325228,15350.234330691952
2023-10-19,9137.407546482214,3350.296678410069,16607.445167376845
2023-10-20,8284.85136890826,3565.2733950415154,16950.46634022725
2023-10-21,8638.930807897415,3583.028779409266,16495.959250571577
2023-10-22,4358.288651595869,2283.5920925478085,10368.844901326069
2023-10-23,6753.431837918955,1959.7094907750748,17225.404049500925
2023-10-24,5996.683731227528,2867.668784473472,13269.220510825844
2023-10-25,5223.282737376417,3614.4143000192357,11207.107160027974
2023-10-26,6236.379947119114,3614.4143000192357,15966.698303617211
2023-10-27,6144.730558118349,3614.4143000192357,15873.373414826505
2023-10-28,5464.956469099211,3588.525544907398,14517.356954630346
2023-10-29,2708.381780057457,3517.0289843640976,8053.069828922172
2023-10-30,6275.966519388697,3558.7965045168307,20763.20172420659
2023-10-31,12196.352684174499,3537.4002196804545,10316.429415761017
2023-11-01,5370.815404320693,3614.4143000192357,20763.20172420659
2023-11-02,12196.352684174499,2912.76796408608,11030.210786760508
2023-11-03,7202.991208609918,2643.6880104420097,16890.746667150022
2023-11-04,9196.498186610628,2293.1139694230783,16387.10583450516
2023-11-05,5551.739285780441,1728.2791351350804,17087.2453240228
2023-11-06,6765.70662550585,2585.8179827936424,14511.595893167114
2023-11-07,7036.492058630034,2653.864393577307,14143.445389378336
2023-11-08,7988.563910045976,3274.9347513147964,15410.110435571312
2023-11-09,6950.085563053521,2956.214690073764,18906.24033823054
2023-11-10,9217.823581654426,2503.7548171688736,14443.002165925043
2023-11-11,9903.011617409114,2374.044864872862,16778.804273161833
2023-11-12,4070.95662372194,612.5973590849839,9381.75556264824
2023-11-13,6605.894255323489,2845.1989789773206,16342.866701613177
2023-11-14,7748.3679825746385,2573.6264499529143,13340.814065509505
2023-11-15,7388.666210528695,2746.4934337697214,18852.52146783835
2023-11-16,8320.27399442579,2825.5927514737573,18508.3869032645
2023-11-17,9496.018360114524,3159.925392482946,20437.886732796094
2023-11-18,9685.862506470665,2559.95908909698,18939.72000491358
2023-11-19,7836.903628421769,1609.781504963678,18478.2390806316
2023-11-20,9877.900673992388,2074.579356507384,16535.787150582186
2023-11-21,7446.870049304484,2505.7160734280883,15436.68073330671
2023-11-22,6670.728861664535,2965.0549920978115,15673.32005014065
2023-11-23,6898.063467582238,2889.740932846425,16408.53878859985
2023-11-24,7801.310592010566,2648.777117269073,17873.488055112033
2023-11-25,8818.533785880496,1760.9386850601363,16377.67194508089
2023-11-26,7865.80349032237,1746.0840967447607,9083.066816840948
2023-11-27,7689.939581255807,3168.398312680872,15758.618431719118
2023-11-28,9105.111080089644,2329.783534766468,13325.790270370666
2023-11-29,9370.184529668855,3323.8140334643485,10743.471446776415
2023-11-30,2708.381780057457,612.5973590849839,5276.961890787317
2023-12-01,2708.381780057457,655.1665226992982,7044.370352423654
2023-12-02,10913.326565635403,3155.451083857521,20150.37334546708
2023-12-03,6221.631532908955,1479.283590702304,12633.876629463502
2023-12-04,3333.6668626319824,2885.7933358847927,16938.91945964325
2023-12-05,12196.352684174499,1860.4390165284503,12299.24548413088
2023-12-06,7266.525197961682,2443.1149839889536,20763.20172420659
2023-12-07,11566.322118197522,2880.5025908569523,18199.381594236864
2023-12-08,8896.029479460489,3259.915681471508,18143.520563305177
2023-12-09,8309.716662389868,895.3452899088041,18147.142030639287
2023-12-10,10032.120923173672,1717.2726661208042,16148.649109884504
2023-12-11,9184.298402427914,2301.520524044375,12685.3911032511
2023-12-12,8740.54255445547,2589.328374200652,18410.008343106943
2023-12-13,12196.352684174499,3579.7880648977703,16090.799198126797
2023-12-14,11159.792449647506,3022.379105808752,19212.019855411618
2023-12-15,9118.382004615496,3141.2218277442976,17367.21859592639
2023-12-16,7906.9686626639395,2542.1228899140574,19583.275682634656
2023-12-17,5747.128432356882,1106.094365670067,14106.82680237409
2023-12-18,5576.289517974142,2761.9791838397564,16811.537753701643
2023-12-19,7948.531307990036,2736.3867008814077,18575.461383634138
2023-12-20,6883.0224912288695,2631.01416019409,20414.723204125
2023-12-21,9603.989151847094,2479.079019705613,18938.532360745023
2023-12-22,8961.353537028519,3314.751010858286,20763.20172420659
2023-12-23,11898.965031946062,2710.0870950971025,20670.20178307241
2023-12-24,7282.389210142101,1367.4144695781706,12741.536046689627
2023-12-25,6344.371893005258,875.7258790426822,8008.550957919991
2023-12-26,6893.549562473983,2617.1998539210404,19084.77489774942
2023-12-27,9494.734332813425,2892.015379598679,12811.38149011584
2023-12-28,8819.437058396192,2549.0606686290967,18232.916885223654
2023-12-29,10100.09179671884,3261.2175390731268,20265.85408974641
2023-12-30,9518.993910025894,2221.2889138404994,20763.20172420659
2023-12-31,5773.642122793639,1079.052608155659,12419.84949447343
2024-01-01,3415.601530070987,849.4439151304094,9875.02663465226
2024-01-02,8381.29215252894,3614.4143000192357,15173.85751379006
2024-01-03,8132.230864863639,3614.4143000192357,18460.07494786484
2024-01-04,6075.57570468819,1900.3898814891213,12567.605459370205
2024-01-05,6610.115693591405,2769.324708496992,17724.416241014984
2024-01-06,6085.287643025234,1416.5190808299371,15355.156782356062
2024-01-07,4346.821335705843,831.3323046283572,13172.357441387498
2024-01-08,5141.120513348219,1836.098385350038,15600.498285402771
2024-01-09,5463.5065469791325,2083.4437659765454,14950.431830461112
2024-01-10,5054.260636481341,1459.4562158436288,14618.44072709732
2024-01-11,6907.605609494535,2341.758355157177,18033.08622185048
2024-01-12,6913.486502954776,2424.2801299762486,18985.35507496395
2024-01-13,7568.221130944516,1878.312927258148,16929.62504167214
2024-01-14,6064.137409125834,1446.3375742686155,15490.941526190672
2024-01-15,6329.285980324986,2328.363727360147,15773.14714107848
2024-01-16,7406.67184340145,2254.5739128994323,14749.445330237608
2024-01-17,5146.252929191294,2624.675722679203,15290.351570032715
2024-01-18,5052.057491289,2511.1582264685694,16285.941902088589
2024-01-19,7091.868476076786,2652.046374553595,17178.551461540355
2024-01-20,8603.583958807605,1980.48168194508,5276.961890787317
2024-01-21,4877.953799311977,965.7417094051416,13443.372840310556
2024-01-22,5161.724105875961,2056.976875593503,14724.223815543308
2024-01-23,6163.6546729784,2531.2576702341903,13768.763467269182
2024-01-24,3374.967522886624,1521.2071358748908,8469.636100497812
2024-01-25,5591.505421732284,2694.9557093783837,16137.40845059424
2024-01-26,7347.78302276919,2202.8502403392245,15872.187340710298
2024-01-27,5360.152278257915,1741.3442688020234,14899.354596279589
2024-01-28,5932.209298858269,961.9101223186228,13541.12645386856
2024-01-29,4721.963019160699,2665.432552021537,16580.05821342582
2024-01-30,10073.340685192246,2916.9075319132776,19570.71331660364
2024-01-31,6769.928519249763,3614.4143000192357,15530.75872504208
2024-02-01,5070.380976759185,2570.5064707150977,16126.944088706225
2024-02-02,4380.751240591965,2175.398874438965,16623.398545665274
2024-02-03,7262.20591340042,1754.2615454547356,17975.684196318725
2024-02-04,4912.188830528217,1126.4881601475793,13237.013753335006
2024-02-05,4770.328331240913,1468.114888774137,13666.069969472986
2024-02-06,6494.652415453417,2971.508951006307,15897.486964428566
2024-02-07,6587.257044342362,2780.2941268164086,15303.51731721071
2024-02-08,5983.937839314746,2118.904721368566,16426.829031454952
2024-02-09,9264.515509499415,2531.66398129845,18630.50396476968
2024-02-10,8850.397206404323,2647.21279818448,18431.75042869652
2024-02-11,6035.154822878278,1259.821987646725,6573.85755564169
2024-02-12,5432.377973372022,1013.3724250267536,5276.961890787317
2024-02-13,6782.667456122791,1168.7595461475069,13396.887796948187
2024-02-14,5886.067219110806,2869.2821797204706,13023.671428017493
2024-02-15,6811.809843017238,2468.0187255209594,16192.35670403856
2024-02-16,6635.847460184186,2958.742522301157,19134.30144332635
2024-02-17,6240.00791924504,2146.781376517713,17485.039301091256
2024-02-18,4329.425996820349,1069.261303957371,15926.523727934918
2024-02-19,6078.626331148605,1713.5533602216678,14678.857541287263
2024-02-20,2708.381780057457,1098.6770038225231,5276.961890787317
2024-02-21,2708.381780057457,612.5973590849839,5276.961890787317
2024-02-22,6642.063667240011,2878.7115334130585,13307.850496119929
2024-02-23,5145.093560694427,2780.687303216669,15650.895780880604
2024-02-24,5072.300125796838,1842.7487071598252,19784.917550939757
2024-02-25,6474.2553560686,888.1203569299299,15124.672733320393
2024-02-26,5579.0933022242125,1115.395582433597,10908.873414352249
2024-02-27,7508.638642361469,3310.229534287651,15974.681747114602
2024-02-28,5858.27270192069,2756.416959309269,18695.995260665662
2024-02-29,8781.709786355701,2729.5196616544767,20763.20172420659
2024-03-01,8928.937697948095,2575.4042803693587,17847.12111902295
2024-03-02,6836.790922583689,1726.4030161872026,17234.766132191926
2024-03-03,5743.005630945725,1280.9332028497256,15470.257428400835
2024-03-04,6104.8738703636445,2425.5863325505743,12257.249843372516
2024-03-05,6680.737082647609,2705.286251161496,14229.402982596755
2024-03-06,4966.330995134565,2664.410464898393,16699.650723641924
2024-03-07,6579.467064750372,2261.571915703806,18401.668744856903
2024-03-08,6100.009418198436,2263.706947415828,16461.364369984723
2024-03-09,7515.247059211628,1770.7196505992777,16680.53154775804
2024-03-10,6782.125636829003,1679.971031412771,17210.10176665928
2024-03-11,7204.441746720261,2211.551965793277,11612.927210900158
2024-03-12,7552.61868881296,1866.7034676047083,14039.170960951582
2024-03-13,6337.078091319106,2408.030388729236,16658.983507907793
2024-03-14,6533.543611435207,1934.299229933535,19101.0643563726
2024-03-15,7121.136529757515,2435.612334037879,20080.703522478256
2024-03-16,7272.290188201652,2106.3834880586155,19201.651062575456
2024-03-17,5740.372764866203,835.6010236424409,16829.03054077666
2024-03-18,5710.710176146187,1710.7471516453847,12755.0923645783
2024-03-19,8462.578778778616,2804.632594147938,19184.440496889674
2024-03-20,5062.385437627894,2580.157200909596,14521.418079285337
2024-03-21,6218.400176889207,2613.019870958827,18739.354191375605
2024-03-22,7737.513160734338,3077.1127335983365,20763.20172420659
2024-03-23,11670.311457789428,1846.3270324784703,12278.953611512436
2024-03-24,6372.456409402272,986.4800461278576,19480.41993712305
2024-03-25,7142.216543812794,2678.806618987314,15315.43091849938
2024-03-26,9960.611666364732,3309.9205933857875,17857.862094795222
2024-03-27,11393.60339330654,2796.622481147242,20763.20172420659
2024-03-28,4470.488170536168,3270.280721162828,20763.20172420659
2024-03-29,6931.614031969064,2094.440806563175,20657.21935850596
2024-03-30,7298.929527459769,2315.566831695662,17766.614135150197
2024-03-31,8242.834525509768,909.0462082600912,19739.403874806158
2024-04-01,4047.562722238498,879.1081312679781,10616.35026892793
2024-04-02,4798.605275571448,969.6651762603052,10833.233167494913
2024-04-03,4532.061639576215,2675.663689633967,16046.815778787824
2024-04-04,4733.315563732564,1965.7379852888264,16355.12410211589
2024-04-05,6846.439748241304,2137.458500467777,18024.12092415436
2024-04-06,6217.522973431388,1795.814157136373,15909.265959040164
2024-04-07,5098.879098394551,1181.8631244280534,14184.239378800436
2024-04-08,5741.577444446258,1691.7175477251185,17915.461405644313
2024-04-09,7226.247006501813,2359.753754612952,16059.571722036868
2024-04-10,4769.732576866836,2160.822245057056,18113.08188992678
2024-04-11,5910.65230332643,2070.89281959987,18711.55280581985
2024-04-12,6764.278142230432,2518.676242953702,18248.310768367603
2024-04-13,6096.339105021084,2049.055392043235,17330.345351256972
2024-04-14,5120.275902046913,952.1212575892748,14739.978903309364
2024-04-15,9029.285618684657,2048.942860026337,8806.951470552904
2024-04-16,7922.676676447708,2885.479718093585,17741.664196393216
2024-04-17,6337.881706764668,2523.6286345078097,18516.33124543188
2024-04-18,6204.118219700806,1764.0355446304757,16325.196695835031
2024-04-19,6763.713890315178,2083.1781584121763,19349.632639583117
2024-04-20,6517.916675388909,2542.8277086805,19531.51831285208
2024-04-21,5233.261539438367,1088.069115902149,15347.258942556213
2024-04-22,5764.182674702267,2117.718989546168,13405.204029436589
2024-04-23,6531.644179660784,2228.6132650032164,12595.831297517674
2024-04-24,5640.100111116805,2019.7976742700523,15701.017167694465
2024-04-25,7646.638206483739,2323.724681463993,19798.252055352063
2024-04-26,9116.711790088088,2622.746091938561,17983.814458387198
2024-04-27,8829.403612369488,2129.5045629264723,18328.33847144795
2024-04-28,9080.904221981878,2252.910413657989,17619.036613419066
2024-04-29,6274.860987940899,2270.5244360276106,16583.249119926033
2024-04-30,7930.066217376223,3284.063401338091,20274.320993671376
2024-05-01,5460.990981464535,1029.4870121439076,13206.039726717265
2024-05-02,5132.138453826879,2198.7354005982165,16325.649339890297
2024-05-03,7637.504010027535,2847.367310217083,17410.121471678285
2024-05-04,6504.797332628567,2175.3352568413798,16190.539004916049
2024-05-05,4792.932357487412,1089.05167848924,14511.743190782903
2024-05-06,6251.9911509503045,2525.189285602271,13805.67699223344
2024-05-07,6527.990063563551,1830.324766575703,16409.335199846162
2024-05-08,7010.053294221223,2327.743948485563,20763.20172420659
2024-05-09,6108.454855799692,791.4882857907129,5276.961890787317
2024-05-10,5927.285193545547,2114.883026613467,15505.641335530934
2024-05-11,6474.333322410574,1877.5254373059804,17663.356804506853
2024-05-12,5532.650773905552,1126.5741905394975,15865.935875734018
2024-05-13,6642.255444962673,2291.621598671085,18414.012086743744
2024-05-14,7190.03099622172,2379.2789063127734,16643.734016266735
2024-05-15,7152.8975280109535,2321.6180903889526,18259.920700021357
2024-05-16,7295.8662824175135,2546.2964966751906,9542.56842055596
2024-05-17,7703.818136444849,2737.012581654873,17753.734732565004
2024-05-18,10259.906657089996,2175.0091411774115,14267.85251275434
2024-05-19,12196.352684174499,1269.402556406004,11228.640740944107
2024-05-20,5343.670100093325,2305.9467870423555,15349.888213280856
2024-05-21,6708.55556412899,3087.7697121520537,16253.05447485533
2024-05-22,6077.269785100596,2249.8880579409806,15755.779255065216
2024-05-23,5870.848574528382,2756.0798240039176,17382.665335115682
2024-05-24,7508.179044793104,3271.5830522232045,15961.348811050717
2024-05-25,5984.948072555463,1940.608032646454,15527.803664078496
2024-05-26,5704.85221545489,1136.147386456086,15804.147372256748
2024-05-27,6983.618007922844,2138.784212400185,15140.798206019768
2024-05-28,8456.143428854137,2274.9211134905468,19683.516307995556
2024-05-29,12068.9139066484,2782.230705473672,15595.346103703772
2024-05-30,6748.841821913258,2967.7895098037084,20520.680508028552
2024-05-31,9868.66876871631,3055.631852039733,20763.20172420659
2024-06-01,7950.827883719538,1842.1794485058936,13556.45528344898
2024-06-02,5125.825142417969,1459.880196866645,17245.388190235048
2024-06-03,6647.694345959174,1794.9023585252355,14585.82848842452
2024-06-04,5555.42528533329,1731.015972397062,15866.8029978441
2024-06-05,6057.204484614334,1860.485984098542,16558.78889331567
2024-06-06,9408.710069737264,2447.2877202255368,11807.05753146804
2024-06-07,9056.581837613046,2446.6190255122,13799.400624906752
2024-06-08,6382.435613949575,1989.966231879332,19187.083686180024
2024-06-09,2708.381780057457,1372.3221096099046,15233.847257883526
2024-06-10,8809.025527178264,1956.2448927997884,13645.259202212326
2024-06-11,6039.892077694098,2658.625846290513,15369.118210777411
2024-06-12,6225.252471129496,2365.836192396575,13396.065069636425
2024-06-13,7263.830377256768,2941.80162655451,17147.172762252165
2024-06-14,10279.532787653136,2336.8337496800477,14698.879329508438
2024-06-15,5999.983377163372,1915.0271547381851,19115.70728628315
2024-06-16,5370.055137833652,1370.6857499742546,12262.9963629774
2024-06-17,8043.555612557351,1275.4250073096316,14458.6201347308
2024-06-18,5831.95926977805,2275.282555072038,18982.555770203864
2024-06-19,10686.012835583864,3087.8922237472234,16277.390784904634
2024-06-20,3120.0468941725826,1725.3471132923632,10030.978880377885
2024-06-21,5070.137788435373,1242.536310013299,14253.7282283182
2024-06-22,6935.025477651157,896.650812404588,13665.908159982184
2024-06-23,8433.924453946865,1290.1376200874442,13280.002349947768
2024-06-24,7663.953962696302,1778.8728090707605,12034.47772758292
2024-06-25,6169.545026586926,1827.785471115144,16900.234678576802
2024-06-26,7008.753079562344,2781.1550094812105,19353.32014685115
2024-06-27,7917.808398927542,2228.6755128058767,14005.051660060915
2024-06-28,11467.128037506534,2502.44284871301,7973.595844963398
2024-06-29,7963.2011549899635,2514.2723432055573,18991.52477798501
2024-06-30,6389.724744018558,1226.8241334874986,15229.233744257006
2024-07-01,9191.699812361923,1933.920770420679,18650.418661361826
2024-07-02,4607.786143956034,1799.5256238626837,18561.53820234117
2024-07-03,6486.019747859923,2198.209788905994,16977.4645293174
2024-07-04,7896.16844771177,2263.5079817499286,19468.51031753323
2024-07-05,7425.367214573071,2571.097372711029,12465.741742510894
2024-07-06,5750.473997284673,1817.6825202773796,16655.28119314906
2024-07-07,5042.281318290415,1236.7649611618262,16947.93684431792
2024-07-08,7390.361539113949,2081.1744771609974,17982.89450016054
2024-07-09,6134.894948896573,1383.9125822847932,12224.520159828448
2024-07-10,6786.814805351581,2374.577167350852,15078.592754199311
2024-07-11,8376.515923324794,1928.7814835802424,18500.543486943083
2024-07-12,9776.610243489587,3004.3669830747285,14504.947744060792
2024-07-13,7252.241511261322,1728.5146585882717,17255.693233917842
2024-07-14,5773.531473253653,1002.1093162469674,13503.114592193686
2024-07-15,9301.320049281409,1771.7891576735449,14179.603746087212
2024-07-16,3381.414595926121,2070.672526975205,5474.483280858159
2024-07-17,7245.662239847658,2641.767571628911,14422.061958127322
2024-07-18,9352.17111557745,2453.026347062256,10293.711744284505
2024-07-19,8001.753629034757,2808.310386225129,15235.464812991178
2024-07-20,6033.351949216661,1506.8985944928024,13573.679052263784
2024-07-21,5093.58779784377,1099.8694831978182,15101.447986648049
2024-07-22,7035.250974618405,2167.4850196951093,13916.359384729045
2024-07-23,5052.175220821306,1830.386859315751,13157.155260553907
2024-07-24,6697.275126400815,2224.1925125386083,14325.91179951449
2024-07-25,6993.016864390781,2129.060313820576,16165.440260824858
2024-07-26,7771.280013991089,2088.888376589656,16234.909295775116
2024-07-27,6527.296001574869,2016.1560750357,16590.36731516736
2024-07-28,4493.6703044998185,1406.1433849568689,13315.10558123464
2024-07-29,8487.405947357525,1635.541683067559,14949.670644102627
2024-07-30,5411.522288083975,2007.5569352978248,16944.91780632059
2024-07-31,9007.871287269349,2906.6719046585413,20135.690094784783
2024-08-01,6866.061653110755,2148.466289301065,18909.433857648743
2024-08-02,9322.720424798985,2482.007426683,11153.810652250037
2024-08-03,6085.965370625051,1966.3828404533024,17786.987919123494
2024-08-04,5935.194442689577,1297.9119457064578,15555.79262822001
2024-08-05,7493.86155563864,1538.535299969186,14107.383577510323
2024-08-06,4325.307695571903,1812.1777037428828,14160.315938163843
2024-08-07,6773.43318177555,2126.0061214189677,16684.738642267846
2024-08-08,7278.062302085129,1994.6007792975029,18622.07661432945
2024-08-09,10386.085588500277,2793.8902233001727,13523.070326156689
2024-08-10,6458.110520133006,1787.5890340627625,18651.84282344951
2024-08-11,5205.287767309552,954.9730789846336,16951.564551023373
2024-08-12,10197.82113095156,2053.3663358173244,15145.32390069066
2024-08-13,4964.949844006402,2281.6245859823657,15287.92293162592
2024-08-14,6311.88653907249,2107.3585048433533,16053.48575928456
2024-08-15,7721.245678998703,2442.9378361140434,18317.131379817823
2024-08-16,7591.844427267283,2071.8405682667862,16707.453400895203
2024-08-17,5888.470453876635,1769.865038826488,16791.302384511564
2024-08-18,5181.795277250595,1283.5268097359383,15792.311098806957
2024-08-19,8508.950275546154,2004.474562177705,15955.358017170473
2024-08-20,5344.618077198547,1890.264077345556,14090.80489087063
2024-08-21,6017.456996005808,2459.3056359993006,14552.53427638511
2024-08-22,6801.25730271262,2520.0963231061432,17959.34633169477
2024-08-23,10400.49578635178,2365.82611660882,14703.241973969609
2024-08-24,6366.178870096383,1740.1626143562266,17190.71605928257
2024-08-25,4994.84879516389,1522.6071632729358,13518.3527076586
2024-08-26,9358.937710392724,2106.949091760553,14659.63084956145
2024-08-27,4715.249327344808,1810.5241387705016,15447.08979663311
2024-08-28,7288.603242587362,2305.439673619138,15507.01230222002
2024-08-29,7938.763122707968,2443.1862522688043,17324.71415795873
2024-08-30,9638.80605574818,2686.6542710048648,20763.20172420659
2024-08-31,7508.0160877069075,2412.0747893424,17978.39758730103
2024-09-01,6085.139148962631,1187.788914355748,13973.59415492257
2024-09-02,8022.590732573603,1692.5859202388524,15280.812459096836
2024-09-03,4730.902818532597,1579.406127233697,16081.7782571116
2024-09-04,6247.300790921294,2253.270476261384,15825.621994404824
2024-09-05,6590.375483069231,2078.984566490679,17396.653407882048
2024-09-06,8621.520358058291,2408.875668573732,15370.942986331547
2024-09-07,6623.9982181197365,1874.6651923600527,16233.074932811767
2024-09-08,5323.82740311073,989.2924103770792,15928.088860602376
2024-09-09,9205.187468958917,1757.9775119158214,14012.706550627312
2024-09-10,4093.339559044567,1265.0339370375468,12759.301457059026
2024-09-11,6229.055899103753,2188.306267438614,13366.761486402527
2024-09-12,7734.620988758964,1737.9066518028117,17441.051131804146
2024-09-13,7326.808191968314,1963.0548677596776,17750.846178864784
2024-09-14,6629.201368643333,1346.661086251281,14948.552111995836
2024-09-15,5363.090896650835,990.8440664642242,12567.33950603852
2024-09-16,6984.636432901277,1521.779003950002,15204.703463454618
2024-09-17,4805.09733088729,1813.141923518048,12981.43169124827
2024-09-18,6121.306118767264,2243.529266652311,14705.218062235135
2024-09-19,6062.864482293482,2373.274685368647,16229.390682572508
2024-09-20,8454.31518626073,1855.4202737681112,15969.296732093568
2024-09-21,6031.77990680199,1835.8555684465905,14408.513231217528
2024-09-22,5176.943654815615,1333.54228342162,13173.222220651249
2024-09-23,8313.614385902009,2046.578506881328,12434.738050571832
2024-09-24,4801.045356602722,1673.9820067815513,13868.744612916238
2024-09-25,7749.558418114107,2214.613761071689,15128.805745870435
2024-09-26,7356.175472330547,1590.2328825106351,15967.104721788102
2024-09-27,7078.4921765047,2885.104844944557,15758.386173604296
2024-09-28,5804.955032766394,1163.6937420965874,12996.131699968328
2024-09-29,6014.408368371076,1162.76869306136,15280.941425283314
2024-09-30,8151.665327976348,1511.9442579344695,14098.32142261766
2024-10-01,6401.200446761304,1935.7968817796625,17440.517703230693
2024-10-02,6958.6721525770345,2082.8409015104617,17508.516616569035
2024-10-03,7326.639650971654,1972.8070802573263,18073.4815330824
2024-10-04,8948.930912315636,2790.436631513317,15002.304124050605
2024-10-05,6382.236638544948,1893.6588468979096,16623.43055986735
2024-10-06,5719.498999289831,895.1129297919326,12862.210630344936
2024-10-07,8734.073174985977,1721.4689800440444,15215.43878249854
2024-10-08,5199.388470058893,1899.3443922089589,14342.170464970532
2024-10-09,7275.226967414688,2650.952477237685,15993.876104865867
2024-10-10,5722.737918506083,2880.8555590755427,14151.341371087565
2024-10-11,6372.454662892485,2203.727317646972,15255.81316915571
2024-10-12,4743.251309521623,1100.7429707637314,11815.455871004104
2024-10-13,4505.187815272841,712.8281907183978,10970.419739311015
2024-10-14,8821.211187506453,1841.526129831865,14709.327645490648
2024-10-15,5486.462402923433,2398.2226900147766,12584.795126454124
2024-10-16,5799.584973892701,2229.937888467811,15768.430426089477
2024-10-17,6759.540047330681,2018.1735079583316,17244.189954114805
2024-10-18,8687.81570694406,2841.700495374944,14548.37750848794
2024-10-19,5732.018609958375,2065.6830019455538,17297.714379807046
2024-10-20,4168.009404337992,1101.7207983589385,14711.261781820242
2024-10-21,8206.671445005333,2167.981818714625,14807.5441550433
2024-10-22,3195.0545775647392,1311.7612843904003,8411.124515929701
2024-10-23,3779.296718286929,1332.046204755544,9789.631139951747
2024-10-24,8182.185644729935,2507.104343445548,15883.995868843209
2024-10-25,9048.06007137712,2575.335878094345,14607.242590126833
2024-10-26,6538.082136926327,1078.3755801032703,13889.70883747364
2024-10-27,6014.909560132911,1132.767743601686,13044.224821035596
2024-10-28,8717.515732828015,2901.82900338089,15228.265227164791
2024-10-29,5690.300117795866,2535.831533366224,15631.116926288534
2024-10-30,8935.232413622061,2114.08035324591,15227.71155453696
2024-10-31,2757.1636996047664,2945.6249839430693,13644.976739090424
2024-11-01,9137.911523367384,3267.4952641743544,20119.73855991051
2024-11-02,8216.767482907526,1538.469534192949,10715.622356135673
2024-11-03,2708.381780057457,612.5973590849839,10138.665588675638
2024-11-04,8680.901398364449,2041.953489214455,14969.901235831208
2024-11-05,5411.51394493227,2141.0341755462373,15445.22483690781
2024-11-06,5920.856394214366,1918.6036985611668,13648.584672355486
2024-11-07,8920.905539651429,2392.96645382634,18523.561694366595
2024-11-08,8371.706057580956,2186.4871070139247,17188.648165649643
2024-11-09,6610.4864604073255,1569.8989563227672,15775.406894772996
2024-11-10,5784.324882160743,1037.9294590356365,14026.759322356853
2024-11-11,9382.439583158812,1406.3780664500962,16264.370839034142
2024-11-12,5110.832534637771,1857.8894955683768,14106.951937956204
2024-11-13,6075.075321915378,2579.554898108399,14999.689926167372
2024-11-14,8687.71672802322,1759.5714105800305,16705.2974663534
2024-11-15,9991.01085600173,2270.143242496444,15907.644238649656
2024-11-16,7189.882275986754,2102.0689123533757,15293.06525868811
2024-11-17,4485.965253013244,786.8181174699814,10801.790697984026
2024-11-18,7557.9121169701475,1311.282067119421,10851.175265997024
2024-11-19,5194.350375758851,1819.9091420861785,12566.216614410529
2024-11-20,5868.576430571277,1950.0760418906848,15393.620787860644
2024-11-21,7749.111721544948,2324.397406804997,16437.269238336994
2024-11-22,8623.660769794074,3242.21077011208,16352.043616010684
2024-11-23,7050.704043291082,1303.7398742295586,15542.775582768696
2024-11-24,5345.594204935565,1093.7465360903109,12988.406596214656
2024-11-25,9397.122489788197,2654.062879548072,13893.972952529391
2024-11-26,6153.960441491079,1554.0457853702796,13790.112961876865
2024-11-27,5927.364834252511,1806.2274052282824,14748.199570622872
2024-11-28,7028.364354898873,2297.7563571986475,17377.542491695596
2024-11-29,9458.24760206976,2894.1685574885573,17876.97561768879
2024-11-30,8421.021656678524,2007.2942218584408,19749.954422405608
2024-12-01,5127.605926905448,844.8576862159499,13338.038509186788
2024-12-02,8586.919368075092,1825.420536757429,14077.076034293925
2024-12-03,4553.322067337104,1924.2863979428296,13821.982155134488
2024-12-04,5705.159717651427,2503.620337446456,13365.930174176508
2024-12-05,8068.961465614429,2398.0972591933228,18371.534980807806
2024-12-06,8269.300015865083,2755.1309523431382,16073.972270714738
2024-12-07,6057.985756178497,1610.133157525421,15545.46953787782
2024-12-08,5962.102385687078,816.6343787042921,15387.280774021754
2024-12-09,8946.248864385801,2128.8429901176346,13565.094040343218
2024-12-10,5600.369746090943,2623.3009840591267,14302.0326814741
2024-12-11,5853.433531080746,1848.8975795488493,16090.834431916031
2024-12-12,8565.829830176715,2050.1133767235374,18188.34036730777
2024-12-13,8709.536229057567,2727.107238230116,16470.831664613263
2024-12-14,7737.703582617033,1767.5037179805413,13962.661950493528
2024-12-15,6133.698583899452,1059.25035720217,15539.017993218447
2024-12-16,8476.298280794754,1961.4583441109617,16364.602405772266
2024-12-17,4961.026513157572,1999.2555893710132,15361.879958388285
2024-12-18,6281.842261747941,2547.981785673227,17142.846189412416
2024-12-19,8609.011575200218,2599.5840308620604,18422.47263740779
2024-12-20,10927.997999010508,2546.257138347992,18518.655107365983
2024-12-21,7694.8199707114045,2240.332061699197,18188.708972836837
2024-12-22,7632.918652684952,612.5973590849839,15754.727971160171
2024-12-23,12196.352684174499,2436.630476304876,16781.473162662678
2024-12-24,6306.152101021721,2031.3574222821248,15272.44672385224
2024-12-25,3644.428278135616,955.6468459362652,8318.120972308292
2024-12-26,8090.485543658601,2051.9117392207386,15613.008110945835
2024-12-27,9362.433368291277,2514.5194053566333,16511.978362372523
2024-12-28,7060.853036992018,1436.3536476627985,15733.909717679013
2024-12-29,5672.5263222294425,1418.2189632676066,13791.195063863704
2024-12-30,12027.64233136136,2277.0895962804198,16254.958733377984
2024-12-31,5541.788538542174,1943.9190762125504,15105.211826524725
2025-01-01,2755.639322002773,649.3193715541171,7977.394822310227
2025-01-02,5313.077180168198,1855.3442998942903,18748.01772434245
2025-01-03,7615.065271531934,2483.1903546963854,14510.674399449148
2025-01-04,4651.826478843943,1619.425958769786,11588.049781754213
2025-01-05,4626.5294065634325,923.3606272109264,11039.645358464444
2025-01-06,7700.669960469239,2098.181217271006,11831.240372747468
2025-01-07,4974.666087262526,1722.9293216764206,11608.35930786361
2025-01-08,5463.411218191044,2009.270004232999,13185.305864751468
2025-01-09,7662.526380316525,2589.0725312695745,16271.081852079573
2025-01-10,8508.161078346266,2637.3633170602343,12883.809029867496
2025-01-11,5051.258199638555,1321.0186118699917,10793.387228799344
2025-01-12,4367.571416594568,1194.650771080646,10699.7405800168
2025-01-13,7862.785269180568,1385.2002143949012,9899.6602047323
2025-01-14,4767.346594640192,1951.50698101328,11198.65533181985
2025-01-15,5228.97354880355,2120.045458539587,13190.579806774927
2025-01-16,7048.379999606142,2269.293294640602,15779.223781059332
2025-01-17,7960.744540773901,2533.0959557587603,15248.369800781067
2025-01-18,6246.777035861187,1100.0393592345577,12154.046096124492
2025-01-19,4346.584317010071,700.8760847334436,9382.588090846824
2025-01-20,7440.002366967403,1180.1190657720622,10088.308425377723
2025-01-21,3707.77034781682,1948.2892862853969,11070.139516263112
2025-01-22,4657.173132671825,1546.3737869404863,14023.093817427944
2025-01-23,6477.661797273042,2499.7608328846995,14997.728885799506
2025-01-24,7484.560743480159,2797.223061798341,14428.105964244216
2025-01-25,5999.332346257666,1551.0107066870687,14452.43879463904
2025-01-26,4333.411592612241,1632.5779644529491,11925.335466399543
2025-01-27,8751.502312260527,1499.709911355155,9435.892094956218
2025-01-28,4484.559593970274,1878.9228147630995,11767.63310750213
2025-01-29,5364.481353770062,1913.6910075747596,12978.72986438145
2025-01-30,7748.628676329003,2002.1246462173049,16360.810611133353
2025-01-31,9449.053433699764,2269.113736712378,16564.59014822436
2025-02-01,5347.872511979019,1784.5580420618255,14397.985705976776
2025-02-02,6407.945181855998,1382.544385092801,13052.229652520708
2025-02-03,8210.849830261215,1582.1470832185205,13473.664030967337
2025-02-04,4882.552769145787,2705.7476598954254,12238.87143033985
2025-02-05,5263.771573713106,1591.6998872682595,12644.748760578
2025-02-06,7595.488083343131,2481.643171930104,15980.329278491869
2025-02-07,8528.25915304993,2783.444801076174,13902.829709720345
2025-02-08,6696.297270005918,1466.6151487609875,13460.91950011428
2025-02-09,4955.625993748668,762.0472619925476,11759.561693198106
2025-02-10,7375.052287841342,1984.1505594422915,10989.052033728618
2025-02-11,3945.0707843015753,1480.3672797783966,11828.573665017431
2025-02-12,5442.75403497259,2178.5735082864007,12836.013968041943
2025-02-13,7437.599135414745,1536.194324414798,15302.967883959656
2025-02-14,7841.143729849047,2808.3150452859345,12627.92633266774
2025-02-15,5496.760353343741,1885.281761741371,11782.11584727019
2025-02-16,4892.123018628273,999.5719295980264,12590.296924035469
2025-02-17,8255.63737658239,2074.000180983803,12644.477081141196
2025-02-18,4122.729484615458,2054.634245162188,12885.467912737591
2025-02-19,5195.227663206194,2364.7721897501883,13083.920549450657
2025-02-20,7307.124592900855,2258.1545530362564,15803.867125001248
2025-02-21,9736.912901925936,2234.4771021531487,15554.281369053488
2025-02-22,5589.770015459444,1752.5652389216002,13816.103364738356
2025-02-23,4993.4885667913895,674.2710874248393,12328.43348729275
2025-02-24,5968.9298710648345,2981.037451926064,14626.985384564052
2025-02-25,4849.755737936993,1857.8970343284184,13460.368420196355
2025-02-26,4921.54657003721,1794.3552904086064,14035.359184505114
2025-02-27,9223.36862212219,2188.3471244394827,17050.537907545156
2025-02-28,9915.735905859689,2749.331107054269,18694.626472490472
2025-03-01,5599.533010537385,1361.4890070446509,14846.55778190926
2025-03-02,3708.1418524279097,612.5973590849839,11377.941505784716
2025-03-03,6978.352678737852,1138.0467258294552,9400.227072509117
2025-03-04,3863.049879868811,1521.7924488178735,9354.145179887251
2025-03-05,3814.610388173072,1627.7376238372578,9135.808560221098
2025-03-06,7115.747942112082,2601.847899612437,16654.669741839323
2025-03-07,9205.694082722312,3073.332854918499,17158.96929944956
2025-03-08,5834.952189106026,2080.3369360847387,16117.889572475207
2025-03-09,4334.620777581144,642.6169486440971,13548.17155422318
2025-03-10,10890.836681944713,1952.2570289447865,7340.969385948749
2025-03-11,6109.884341683868,1987.840310961482,12564.166295832816
2025-03-12,5581.011810134025,2000.729992228,14812.323291078164
2025-03-13,5810.70848390341,1472.678048249925,17940.291129100588
2025-03-14,9290.505979063431,3473.157728859479,15227.651355511627
2025-03-15,6847.792174211349,1463.4604159118796,14484.6539656858
2025-03-16,5184.624786559214,1190.8224237338266,11855.025981206709
2025-03-17,8559.264229568158,1502.3369044335243,12964.076603613765
2025-03-18,4891.076494878262,2142.9316850648165,13833.0932187831
2025-03-19,6024.834798356084,2193.5721423774926,14706.242225215585
2025-03-20,9003.213545223154,2105.5273835382795,18506.58626902961
2025-03-21,10402.984164719106,3517.3277789850663,16035.15826869298
2025-03-22,6640.328345403184,1812.777663488536,15296.883077217635
2025-03-23,4977.51891590265,873.0237824058125,13434.694696220342
2025-03-24,6654.315785417929,1899.198633304097,12352.825670428556
2025-03-25,5136.865015091502,1832.7654811643424,12668.807521390154
2025-03-26,5802.4598740585925,1563.0712997703597,14669.49860544164
2025-03-27,7155.677776349015,2418.08530838052,15689.978624011454
2025-03-28,10232.692954363698,3080.080891110169,15941.25989788081
2025-03-29,6294.31458858073,1633.804360309652,16079.562908472946
2025-03-30,7882.604007721558,996.9773888707876,11378.170575257182
2025-03-31,10842.348341989142,1850.7056545477844,11954.22488469272
2025-04-01,5172.353519031609,2791.713614243554,16207.624995080923
2025-04-02,5233.009931546789,1790.1274054893372,13128.939463271943
2025-04-03,5103.432767470247,2153.3948104136352,18780.474279684524
2025-04-04,8590.668847589799,2454.637897107409,14873.124192974628
2025-04-05,6421.951010985965,1604.0363521064417,15573.881239764389
2025-04-06,4963.384462180631,907.7181811590996,12336.722212249402
